setting,model,n_groups,accuracy_mean,accuracy_std,precision_mean,precision_std,malicious_recall_mean,malicious_recall_std,f1_mean,f1_std,auc_mean,auc_std
NPM -> NPM,ExtraTrees,1367,0.9700722666423868,0.014880532602963313,0.988365917770173,0.005926245337510186,0.9518305303372909,0.02509856311924942,0.969595365408931,0.01430211869588853,0.988704960888605,0.00866206282000507
PyPI -> PyPI,ExtraTrees,1364,0.9250936565869919,0.030919428248176242,0.9643779319090054,0.014035824420002606,0.8835434943872034,0.04781817374616041,0.9217667097900858,0.03185891854636505,0.968528275184535,0.01729496280493549
